"","t2m","tp","rh","svpd"
"1",0.445156115954681,0.604538153442112,0.666505361998325,0.532936682100292
