"","t2m","tp","rh","svpd"
"1",0.674134550819941,0.650696120994865,0.645010468567606,0.465502233114534
