"","t2m","tp","rh","svpd"
"1",0.224543586083125,0.226329636734809,0.356332497691098,0.340654207681712
