"","t2m","tp","rh","svpd"
"1",-0.051977481654471,-0.330702810132201,-0.0447952573258898,-0.197598216893457
