"","t2m","tp","rh","svpd"
"1",0.0325100989749954,0.0579644897424417,0.18421132761773,-0.143299472178749
