"","t2m","tp","rh","svpd"
"1",0.520659385084133,0.768832617418534,0.695914492360255,0.701878800381472
