"","t2m","tp","rh","svpd"
"1",0.427871293587102,0.159650978769179,0.264671033740841,0.338302269686492
