"","t2m","tp","rh","svpd"
"1",-0.0414321279142632,0.41001664309778,0.302791489121858,0.426593346481798
