"","t2m","tp","rh","svpd"
"1",0.533357111566259,0.680190727088723,0.644734093976458,0.351229336222404
