"","t2m","tp","rh","svpd"
"1",0.409697410443692,0.356985717240051,0.434320410782718,0.491578799084897
