"","t2m","tp","rh","svpd"
"1",0.253225867790819,-0.0187416791902513,0.00517302167034595,0.391428967876129
