"","t2m","tp","rh","svpd"
"1",0.7359645625217,0.225965852585586,0.325528988855526,0.661968439061725
