"","t2m","tp","rh","svpd"
"1",0.0099997389988718,0.349935467399628,0.267579459313829,0.179819335255497
