"","t2m","tp","rh","svpd"
"1",0.5717407317874,0.408146888782266,0.422962395251281,0.404777739249679
