"","t2m","tp","rh","svpd"
"1",0.247046881948324,0.0770990735709518,0.197979215850636,0.289453101052931
