"","t2m","tp","rh","svpd"
"1",0.607456839908482,0.496009345420167,0.374376857261511,0.315593171021507
