"","t2m","tp","rh","svpd"
"1",0.18395249140514,0.0708749216681307,0.308129309164406,0.351580155071911
