"","t2m","tp","rh","svpd"
"1",-0.11475036857506,0.156666492469181,0.140489396324995,0.150985799675412
