"","t2m","tp","rh","svpd"
"1",0.650807880296178,0.571029593211054,0.559654736732394,0.507916428108271
