"","t2m","tp","rh","svpd"
"1",0.201641895780324,0.388389338861415,0.438064560079561,0.439355198311756
