"","t2m","tp","rh","svpd"
"1",0.391558601624885,0.281543972342565,0.468098806321151,0.286606477389254
