"","t2m","tp","rh","svpd"
"1",0.725815766284899,0.497238563981341,0.513145509444787,0.588015267288555
