"","t2m","tp","rh","svpd"
"1",0.237325625346868,0.251895581910051,0.171957915747961,0.189081876369263
