"","t2m","tp","rh","svpd"
"1",0.30377028935577,-0.050293624165468,-0.1066656312027,0.332981902263209
